{"avg_score": 0.9077085673755958, "avg_key_score": 0.9949138016555731, "avg_value_score": 0.8205033330956178, "format_error_count": 0, "f1_score": 0.6933333333333334, "recall": 0.5306122448979592, "content_scores": {"completeness": 3.9591836734693877, "accuracy": 4.081632653061225, "granularity": 4.020408163265306, "consistency": 4.530612244897959}, "edit_distance": 0.6070408039854734}