{"avg_score": 0.521525857449423, "avg_key_score": 0.5684127576846294, "avg_value_score": 0.4746389572142164, "format_error_count": 7, "f1_score": 0.11538461538461539, "recall": 0.061224489795918366, "content_scores": {"completeness": 3.122448979591837, "accuracy": 3.6122448979591835, "granularity": 2.877551020408163, "consistency": 3.877551020408163}, "edit_distance": 0.4644215776802876}