{"avg_score": 0.7272136152257888, "avg_key_score": 0.8071034137068437, "avg_value_score": 0.6473238167447342, "format_error_count": 7, "f1_score": 0.4444444444444444, "recall": 0.2857142857142857, "content_scores": {"completeness": 3.5714285714285716, "accuracy": 3.7551020408163267, "granularity": 3.489795918367347, "consistency": 3.979591836734694}, "edit_distance": 0.7294982355680665, "error_count": 0}