{"avg_score": 0.8103017385820924, "avg_key_score": 0.8799730456579827, "avg_value_score": 0.7406304315062024, "format_error_count": 5, "f1_score": 0.6933333333333334, "recall": 0.5306122448979592, "content_scores": {"completeness": 3.9591836734693877, "accuracy": 3.9591836734693877, "granularity": 4.020408163265306, "consistency": 4.489795918367347}, "edit_distance": 0.8032082813741678, "error_count": 1}