{"avg_score": 0.8858934356017678, "avg_key_score": 0.9596828776773202, "avg_value_score": 0.8121039935262154, "format_error_count": 2, "f1_score": 0.7272727272727273, "recall": 0.5714285714285714, "content_scores": {"completeness": 3.9591836734693877, "accuracy": 3.9591836734693877, "granularity": 3.979591836734694, "consistency": 4.510204081632653}, "edit_distance": 0.8208526042264921, "error_count": 0}