{"avg_score": 0.7226997699869641, "avg_key_score": 0.7866832251776329, "avg_value_score": 0.6587163147962954, "format_error_count": 10, "f1_score": 0.5588235294117647, "recall": 0.3877551020408163, "content_scores": {"completeness": 3.7551020408163267, "accuracy": 3.795918367346939, "granularity": 3.7551020408163267, "consistency": 4.061224489795919}, "edit_distance": 0.7322091295602208, "error_count": 2}