{"avg_score": 0.8697455059923201, "avg_key_score": 0.9456482857595987, "avg_value_score": 0.7938427262250419, "format_error_count": 3, "f1_score": 0.7105263157894737, "recall": 0.5510204081632653, "content_scores": {"completeness": 4.122448979591836, "accuracy": 3.979591836734694, "granularity": 4.142857142857143, "consistency": 4.510204081632653}, "edit_distance": 0.8215511119171713, "error_count": 0}