{"avg_score": 0.24795548471543288, "avg_key_score": 0.28271644877875807, "avg_value_score": 0.21319452065210778, "format_error_count": 23, "f1_score": 0.04, "recall": 0.02040816326530612, "content_scores": {"completeness": 2.163265306122449, "accuracy": 2.63265306122449, "granularity": 1.9387755102040816, "consistency": 3.020408163265306}, "edit_distance": 0.3183010173256211, "error_count": 0}