{"avg_score": 0.5415982911264602, "avg_key_score": 0.5852608714802005, "avg_value_score": 0.4979357107727201, "format_error_count": 6, "f1_score": 0.1509433962264151, "recall": 0.08163265306122448, "content_scores": {"completeness": 3.163265306122449, "accuracy": 3.6122448979591835, "granularity": 2.8979591836734695, "consistency": 3.857142857142857}, "edit_distance": 0.6175796870991281, "error_count": 0}