{"avg_score": 0.3854042187278914, "avg_key_score": 0.4200574770660199, "avg_value_score": 0.3507509603897626, "format_error_count": 14, "f1_score": 0.1509433962264151, "recall": 0.08163265306122448, "content_scores": {"completeness": 2.795918367346939, "accuracy": 3.326530612244898, "granularity": 2.7346938775510203, "consistency": 3.3877551020408165}, "edit_distance": 0.4517823412976755, "error_count": 1}