{"avg_score": 0.5078786882989882, "avg_key_score": 0.5715455328072676, "avg_value_score": 0.4442118437907088, "format_error_count": 6, "f1_score": 0.11538461538461539, "recall": 0.061224489795918366, "content_scores": {"completeness": 2.9183673469387754, "accuracy": 3.489795918367347, "granularity": 2.693877551020408, "consistency": 3.5510204081632653}, "edit_distance": 0.46873232950719, "error_count": 0}