{"avg_score": 0.5415982911264603, "avg_key_score": 0.5852608714802005, "avg_value_score": 0.4979357107727201, "format_error_count": 6, "f1_score": 0.1509433962264151, "recall": 0.08163265306122448, "content_scores": {"completeness": 3.204081632653061, "accuracy": 3.5306122448979593, "granularity": 2.9591836734693877, "consistency": 3.816326530612245}, "edit_distance": 0.6175796870991281, "error_count": 0}