{"avg_score": 0.9605412279242532, "avg_key_score": 0.926856789043603, "avg_value_score": 0.9942256668049037, "format_error_count": 0, "f1_score": 0.9473684210526315, "recall": 0.9, "content_scores": {"completeness": 4.8, "accuracy": 4.7, "granularity": 4.2, "consistency": 4.8}, "edit_distance": 0.9882535869821112}