{"avg_score": 0.5621964818802355, "avg_key_score": 0.6056116661939775, "avg_value_score": 0.5187812975664939, "format_error_count": 2, "f1_score": 0.0784313725490196, "recall": 0.04081632653061224, "content_scores": {"completeness": 3.1020408163265305, "accuracy": 3.5306122448979593, "granularity": 2.857142857142857, "consistency": 4.081632653061225}, "edit_distance": 0.502686189010719}